Name,Developer,Floor area (m²),Building,City/municipality,Image,Location,Province,Remarks,Retail Space (m2),Year opened
Mall of Alnor (MOA),Alnor Prime Properties,,,Cotabato City,,,Maguindanao,,,
CityMall Cotabato,DoubleDragon Properties,,,Cotabato City,,,Maguindanao,The biggest CityMall at its opening in terms of GFA (with regards to Grand CityMalls) and the 1st national retail mall in Cotabato City.[2],,
South Seas Mall,,,,Cotabato City,,,Maguindanao,,,
Puregold and Centro Shopping Center,Lucio and Susan Co,,,Cotabato City,,,Maguindanao,Puregold has 2 branches in Cotabato City in along Sinsuat Avenue and the other one is along Quezon Avenue,,
Superama Hypermart,Tan Abing,,,Cotabato City,,,Maguindanao,"Home grown hypermart in Cotabato City, currently has 5 branches in Cotabato City",,
Fiesta Mall,Unknown businessman from Manila,,,Cotabato City,,,Maguindanao,Known for its Chinese products and 2nd branch of Puregold in Cotabato City,,
101 Shopping Center[citation needed],,,,Naga,,,Camarines Sur,,,
101 Shopping Mall[3],,,,Legazpi,,,Albay,,,
A. Bichara Silverscreen Entertainment Center[4],ABSEC,,,Legazpi,,,Albay,,,
ALDP Mall[5],,,,Naga,,,Camarines Sur,,,
E-Mall[citation needed],,,,Naga,,,Camarines Sur,,,
Grand Master Mall[citation needed],,,,Naga,,,Camarines Sur,,,
Avenue Square[citation needed],,,,Naga,,,Camarines Sur,,,
Ayala Malls Legazpi[citation needed],Ayala Land,,,Legazpi,,,Albay,,,
Bichara Mall Naga[6],,,,Naga,,,Camarines Sur,,,
Central Plaza Mall[citation needed],,,,Daet,,,Camarines Norte,,,
CityMall Sorsogon[citation needed],DoubleDragon Properties,,,Sorsogon City,,,Sorsogon,,,
Embarcadero de Legazpi[citation needed],Sunwest,,,Legazpi,,,Albay,,,
Gaisano Capital Masbate[citation needed],,,,Masbate City,,,Masbate,,,
Gaisano Capital Iriga[citation needed],,,,Iriga,,,Camarines Sur,,,
Gaisano Capital Sorsogon[citation needed],,,,Sorsogon City,,,Sorsogon,,,
Gregorian Mall[7],,,,Legazpi,,,Albay,,,
LCC Center Libmanan[citation needed],,,,Libmanan,,,Camarines Sur,,,
LCC Center Goa,,,,Goa,,,Camarines Sur,,,
LCC Pili[citation needed],,,,Pili,,,Camarines Sur,,,
LCC Calabanga[citation needed],,,,Calabanga,,,Camarines Sur,,,
LCC Mall Daraga,,,,Daraga,,,Albay,,,
LCC Center Guinobatan,,,,Guinobatan,,,Albay,,,
LCC Center Ligao,,,,Ligao,,,Albay,,,
LCC Mall Polangui,,,,Polangui,,,Albay,,,
LCC Center Sorsogon,,,,Sorsogon City,,,Sorsogon,,,
LCC Market Plus Labo,,,,Labo,,,Camarines Norte,,,
LCC Market Plus Pio Duran,,,,Pio Duran,,,Albay,,,
LCC Mall Tabaco,,,,Tabaco,,,Albay,,,
LCC Center Daet,,,,Daet,,,Camarines Norte,,,
LCC Center Masbate,,,,Masbate City,,,Masbate,,,
LCC Central Mall Naga,Liberty Commercial Center Inc.,,,Naga,,,Camarines Sur,,,
LCC Mall Iriga[citation needed],,,,Iriga,,,Camarines Sur,,,
LCC Mall Legazpi[citation needed],,,,Legazpi,,,Albay,,,
LCC Mall Nabua[citation needed],,,,Nabua,,,Camarines Sur,,,
Pacific Mall Legazpi[8],Landco Development Corp.,,,Legazpi,,,Albay,,,
Primark Town Center Sorsogon[citation needed],,,,Sorsogon City,,,Sorsogon,,,
Regent Central Commercial Complex[citation needed],Regent Land Developer Corp.,,,Iriga,,,Camarines Sur,,,
Robinsons Place Naga[9],Robinsons Land,,,Naga,,,Camarines Sur,,,
SM City Legazpi,SM Prime Holdings,,,Legazpi,,,Albay,,,
SM City Sorsogon,SM Prime Holdings,,,Sorsogon City,,,Sorsogon,,,
SM City Naga,SM Prime Holdings,,,Naga,,,Camarines Sur,,,
Vista Mall Naga[10],Vista Land & Lifescapes,,,Naga,,,Camarines Sur,,,
Tabaco CityMall[citation needed],,,,Tabaco,,,Albay,,,
Virac Town Center[11],VTC Development Corp.,,,Virac,,,Catanduanes,,,
Xentro Mall Malilipot,,,,Malilipot,,,Albay,,,
Xentro Mall Polangui,,,,Polangui,,,Albay,,,
Xentro Mall Sorsogon,,,,Sorsogon City,,,Sorsogon,,,
Yashano Mall,,,,Legazpi,,,Albay,,,
Youth Center Mall[12],,,,Virac,,,Catanduanes,,,
Brickstone Mall[citation needed],,,,Tuguegarao,,,Cagayan,,,
Mall of the Valley[13],,,,Tuguegarao,,,Cagayan,Managed by Xentro Mall,,
Fragante Citimall[citation needed],,,,Tuguegarao,,,Cagayan,First shopping mall in North Luzon,,
Valley Hotel Tower Mall,,,,Tuguegarao,,,Cagayan,Completion 2018,,
Unitop Mall Tuguegarao[citation needed],RI-RANCE Realty Corp.,,,Tuguegarao,,,Cagayan,First Unitop Mall in Cagayan Valley,,
Novo Mall,Royal Novo Greenland Realty Corp.,,,Aparri,,,Cagayan,,,
Ryan Mall,,,,Aparri,,,Cagayan,,,
Ilagan City Mall[citation needed],,,,Ilagan,,,Isabela,The First LGU-built shopping mall in Ilagan. Savemore is one of the anchor tenants.,,
Northstar Mall[14],Northstar Resources Inc.,,,Ilagan,,,Isabela,First Mall in Ilagan. Savemore is one of the anchor tenants.,,
Primark Town Center Tuguegarao[15],Primark Philippine Properties,,,Tuguegarao,,,Cagayan,Former Paseo Reale Mall,,
Primark Town Center Cauayan[16],Primark Philippine Properties,,,Cauayan,,,Isabela,Market Mall,,
Primark Town Center Echague[16],Primark Philippine Properties,,,Echague,,,Isabela,"Market Mall, first Primark Town Center in the Philippines",,
Primark Town Center Bambang[16],Primark Philippine Properties,,,Bambang,,,Nueva Vizcaya,Market Mall,,
Primark Town Center Cordon[16],Primark Philippine Properties,,,Cordon,,,Isabela,Market Mall,,
Robinsons Place Santiago,Robinsons Land,,,Santiago,,,Isabela,First Robinsons Mall and 1st full-service mall in Cagayan Valley.,,
Robinsons Place Tuguegarao,Robinsons Land,,,Tuguegarao,,,Cagayan,Second Robinsons Mall in Cagayan Valley and First Robinsons Mall in Cagayan,,
Vista Mall Santiago,Vista Land & Lifescapes,,,Santiago,,,Isabela,"Under construction, First Vista Mall in Isabela",,
Vista Mall Tuguegarao,Vista Land & Lifescapes,,,Tuguegarao,,,Cagayan,Upcoming,,
SM City Tuguegarao[citation needed],SM Prime Holdings,,,Tuguegarao,,,Cagayan,"Under construction, Second SM Mall in Tuguegarao City",,
SM Center Tuguegarao Downtown,SM Prime Holdings,,,Tuguegarao,,,Cagayan,Second SM Mall in Cagayan Valley and First SM Mall in Cagayan,,
SM City Cauayan,SM Prime Holdings,,,Cauayan,,,Isabela,First SM Mall in Cagayan Valley. Former site of Isabela Colleges Foundation. 1st SM Mall with full solar panels.,,
Talavera Square Mall[17],,,,Cauayan,,,Isabela,First mall in Cauayan City. Unitop is one of the anchor tenants.,,
Talavera Square Mall[citation needed],,,,Ilagan,,,Isabela,Robinsons Supermarket is one of the anchor tenants.,,
Xentro Mall Cabagan[citation needed],AMRC Holdings Co. Inc.,,,Cabagan,,,Isabela,,,
Xentro Mall Ilagan[citation needed],AMRC Holdings Co. Inc.,,,Ilagan,,,Isabela,,,
Xentro Mall Roxas[citation needed],AMRC Holdings Co. Inc.,,,Roxas,,,Isabela,,,
Xentro Mall Santiago[citation needed],AMRC Holdings Co. Inc.,,,Santiago,,,Isabela,First Xentro Mall in Cagayan Valley and in the Philippines,,
Xentro Mall Tumauini[citation needed],AMRC Holdings Co. Inc.,,,Tumauini,,,Isabela,,,
CityMall Tuguegarao[citation needed],"DoubleDragon Properties, SM Investments Corporation",,,Tuguegarao,,,Cagayan,"Under construction, First CityMall in Cagayan Valley",,
CityMall Aparri,"DoubleDragon Properties, SM Investments Corporation",,,Aparri,,,Cagayan,"Under construction, Second CityMall in Cagayan Valley",,
Robinsons Place Dasmariñas,Robinsons Land,96000,,Dasmariñas,,,Cavite,Second Robinsons mall in Cavite,,
Sta. Lucia East Grand Mall,Sta. Lucia Realty & Development Inc.,230000,,Cainta,,,Rizal,Largest mall in South Luzon,,
SM City Bacoor[18],SM Prime Holdings,120202,,Bacoor,,,Cavite,First SM mall in Cavite,,
SM City Batangas,SM Prime Holdings,80350,,Batangas City,,,Batangas,First SM mall in Batangas,,
SM City Dasmariñas,SM Prime Holdings,201645,,Dasmariñas,,,Cavite,Largest shopping mall in Cavite Province and SM mall in South Luzon,,
SM City Lipa,SM Prime Holdings,141283,,Lipa,,,Batangas,Largest mall in Batangas,,
SM City Masinag,SM Prime Holdings,96313,,Antipolo,,,Rizal,Second SM mall in Rizal,,
SM City Santa Rosa,SM Prime Holdings,86463,,Santa Rosa,,,Laguna,"First SM Mall in Laguna, and largest mall in the provinceMall expansion ongoing construction",,
SM City Taytay,SM Prime Holdings,97467,,Taytay,,,Rizal,First SM Mall in Rizal,,
SM City Trece Martires,SM Prime Holdings,83783,,Trece Martires,,,Cavite,Fifth SM mall in Cavite,,
Name,Developer,Floor area (m²),,City/municipality,Image,,Province,Remarks,,
Centro Mall Cabuyao,,,,Cabuyao,,,Laguna,,,
Checkpoint Mall,,,,Calamba,,,Laguna,,,
Olivarez Plaza Los Baños,,,,Los Baños,,,Laguna,,,
Pavilion Mall,Ayala Land (operator),,,Biñan,,,Laguna,,,
Robinsons Place GenTrias,Robinsons Land,,,General Trias,,,Cavite,,,
Robinsons Place Imus,Robinsons Land,,,Imus,,,Cavite,,,
Robinsons Place Lipa,Robinsons Land,,,Lipa,,,Batangas,,,
Robinsons Cainta,Robinsons Land,,,Cainta,,,Rizal,,,
Robinsons Sta. Rosa,Robinsons Land,,,Santa Rosa,,,Laguna,"Formerly called Robinsons Place Sta. Rosa, where the Robinsons Department Store at the second floor was closed and occupied by the Teletech BPO",,
Robinsons Town Mall Los Baños,Robinsons Land,,,Los Baños,,,Laguna,,,
SM Center Angono,SM Prime Holdings,,,Angono,,,Rizal,Third SM mall in Rizal,,
SM City Calamba,SM Prime Holdings,,,Calamba,,,Laguna,Third SM mall in Laguna,,
SM City Lucena,SM Prime Holdings,,,Lucena,,,Quezon,Largest mall in Quezon Province,,
SM City Molino[19],SM Prime Holdings,,,Bacoor,,,Cavite,Third SM mall in Cavite and Second SM mall in BacoorFormerly called SM Supercenter Molino/SM Center Molino with the opening of The SM Store Molino on 2015,,
SM City Rosario,SM Prime Holdings,,,Rosario,,,Cavite,Fourth SM mall in Cavite,,
SM City San Pablo,SM Prime Holdings,,,San Pablo,,,Laguna,Second SM mall in Laguna,,
The District Dasmariñas,Ayala Land,,,Dasmariñas,,,Cavite,,,
The District Imus,Ayala Land,,,Imus,,,Cavite,First Ayala Mall in Cavite[citation needed],,
Victory Central Mall Sta. Rosa,,,,Santa Rosa,,,Laguna,,,
Vista Mall Antipolo,Vista Land & Lifescapes,,,Antipolo,,,Rizal,,,
Vista Mall Daang Hari,Vista Land & Lifescapes,,,Bacoor,,,Cavite,,,
Vista Mall Dasmariñas,Vista Land & Lifescapes,,,Dasmariñas,,,Cavite,,,
Vista Mall General Trias,Vista Land & Lifescapes,,,General Trias,,,Cavite,,,
Vista Mall Sta. Rosa,Vista Land & Lifescapes,,,Santa Rosa,,,Laguna,,,
Vista Mall Tanza,Vista Land & Lifescapes,,,Tanza,,,Cavite,,,
Walter Mart Balayan,WM Property Management Inc. and SM Investment Corp.,,,Batangas,,,Batangas,,,
Walter Mart Cabuyao,WM Property Management Inc. and SM Investment Corp.,,,Cabuyao,,,Laguna,,,
Walter Mart Carmona,WM Property Management Inc. and SM Investment Corp.,,,Carmona,,,Cavite,,,
Walter Mart Calamba,WM Property Management Inc. and SM Investment Corp.,,,Calamba,,,Laguna,,,
Walter Mart Dasmariñas,WM Property Management Inc. and SM Investment Corp.,,,Dasmariñas,,,Cavite,,,
Walter Mart General Trias,WM Property Management Inc. and SM Investment Corp.,,,General Trias,,,Cavite,,,
Walter Mart Makiling,WM Property Management Inc. and SM Investment Corp.,,,Calamba,,,Laguna,,,
Walter Mart Nasugbu,WM Property Management Inc. and SM Investment Corp.,,,Nasugbu,,,Batangas,,,
Walter Mart Sta. Rosa (Balibago),WM Property Management Inc. and SM Investment Corp.,,,Santa Rosa,,,Laguna,,,
Walter Mart Sta. Rosa Bel-Air,WM Property Management Inc. and SM Investment Corp.,,,Santa Rosa,,,Laguna,"Second Walter Mart Mall in Sta. Rosa, Laguna",,
Walter Mart Tanauan,WM Property Management Inc. and SM Investment Corp.,,,Tanauan,,,Batangas,,,
Walter Mart Taytay,WM Property Management Inc. and SM Investment Corp.,,,Taytay,,,Rizal,,,
Walter Mart Trece Martires,WM Property Management Inc. and SM Investment Corp.,,,Trece Martires,,,Cavite,,,
Xentro Mall Antipolo,,,,Antipolo,,,Rizal,1st Xentro Mall in Rizal,,
Xentro Mall Lemery,,,,Lemery,,,Batangas,,,
Name,Developer,,,City/municipality,,,Province,Remarks,,
Ayala Malls Solenad,Ayala Land,,,Santa Rosa,,,Laguna,,,
Ayala Malls Serin,Ayala Land,,,Tagaytay,,,Cavite,,,
Fora Mall,Filinvest Land,,,Tagaytay,,,Cavite,First mall in Tagaytay with cinemas,,
Galleria South,Robinsons Land,,,San Pedro,,,Laguna,"First Robinsons Galleria mall in South Luzon/Calabarzon and 3rd in the Philippines.First Robinsons mall not to use the ""Robinsons"" name since Robinsons Tagaytay was formerly called Summit Ridge Promenade.The mall has an art in every corner that makes it unique and colorful.[20]",,
NOMO - A Vista Lifestyle Center,Vista Land & Lifescapes,,,Bacoor,,,Cavite,,,
Robinsons Place Antipolo,Robinsons Land,,,Antipolo,,,Rizal,,,
Robinsons Tagaytay,Robinsons Land,,,Tagaytay,,,Cavite,Formerly named Summit Ridge Promenade,,
Southwoods Mall,Megaworld,,,Biñan,,,Laguna,,,
Name,Developer,,,City/municipality,,,Province,Remarks,,
Laguna Central,Greenfield Estates,,,Santa Rosa,,,Laguna,,,
Paseo de Sta. Rosa,Greenfield Estates,,,Santa Rosa,,,Laguna,,,
Name,Developer,,,City/municipality,,,Province,Remarks,,
Gaisano Capital Bislig,Gaisano,,,Bislig,,,Surigao del Sur,,,
Gaisano Capital Surigao,Gaisano,,,Surigao City,,,Surigao del Norte,,,
Gaisano Capital San Francisco[citation needed],Gaisano,,,San Francisco,,,Agusan del Sur,,,
Gaisano Capital Tandag,Gaisano,,,Tandag,,,Surigao del Sur,,,
Gaisano Grand Marketplace Bayugan[citation needed],Gaisano,,,Bayugan,,,Agusan del Sur,,,
Gaisano Mall Butuan[citation needed],Gaisano,,,Butuan,,,Agusan del Norte,,,
Gaisano Grand Mall San Francisco[citation needed],Gaisano,,,San Francisco,,,Agusan del Sur,,,
Gaisano Grand Mall Tandag (Soon to Rise),,,,Tandag,,,Surigao del Sur,,,
Prince Town[citation needed],,,,Bislig,,,Surigao del Sur,,,
Robinsons Place Butuan,Robinsons Land,,,Butuan,,,Agusan del Norte,Largest Robinsons Mall in Mindanao and The Caraga region,,
Puregold Butuan,,,,Butuan,,,Agusan del Norte,,,
ZCC Mall,,,,Butuan,,,Agusan del Norte,,,
Balagtas Town Center[citation needed],AMRC Holdings Co. Inc.,,,Balagtas,,,Bulacan,,,
C&S Shopping Complex Tarlac[citation needed],,,,Tarlac City,,,Tarlac,,,
Cindys Plaza Tarlac[citation needed],,,,Tarlac City,,,Tarlac,,,
CityMall Dau[citation needed],DoubleDragon Properties,,,Mabalacat,,,Pampanga,,,
"CityMall Sta. Rosa, Nueva Ecija[citation needed]",DoubleDragon Properties,,,Santa Rosa,,,Nueva Ecija,First CityMall in Nueva Ecija,,
CityMall SCTEX Concepcion[citation needed],DoubleDragon Properties,,,Concepcion,,,Tarlac,First CityMall in Tarlac,,
CityMall Tarlac City[citation needed],DoubleDragon Properties,,,"McArthur Hiway, Tarlac City",,,Tarlac,Second CityMall in Tarlac,,
Citywalk Mall Tarlac[citation needed],,,,Tarlac City,,,Tarlac,,,
Fiesta Mall Paniqui[citation needed],,,,Paniqui,,,Tarlac,,,
GraceLand Mall[citation needed],GraceLand23 Inc.,,,Malolos,,,Bulacan,,,
Harbor Point,Ayala Land,,,Olongapo,,,Zambales,,,
Magic Mall Malasin San Jose City[citation needed],Magic Group of Companies,,,San Jose,,,Nueva Ecija,Second Magic Mall in Nueva Ecija,,
Magic Mall Rizal San Jose City[citation needed],Magic Group of Companies,,,San Jose,,,Nueva Ecija,First Magic Mall in Nueva Ecija,,
Magic Star Mall Tarlac[citation needed],SMCT Realty & Holdings Co. Inc.,,,Tarlac City,,,Tarlac,,,
Magic Star Mall Paniqui[citation needed],SMCT Realty & Holdings Co. Inc.,,,Paniqui,,,Tarlac,,,
Market City Tarlac[citation needed],,,,Tarlac City,,,Tarlac,,,
My Metro Town Mall Tarlac[citation needed],,,,"Sto. Cristo, Tarlac City",,,Tarlac,,,
NE Mall[citation needed],NE Group of Companies,,,Cabanatuan,,,Nueva Ecija,First Mall in Nueva Ecija,,
NE Pacific Mall,NE Group of Companies and Landco Pacific Corp.,,,Cabanatuan,,,Nueva Ecija,First Full-Service Mall in Nueva Ecija,,
NE Super Bodega[citation needed],Cosco Capital,,,San Jose,,,Nueva Ecija,,,
Primark Town Center Cabiao[21],Primark Philippine Properties,,,Cabiao,,,Nueva Ecija,First Primark Town Center in Nueva Ecija,,
Primark Village Center San Jose del Monte[22],Primark Philippine Properties,,,San Jose del Monte,,,Bulacan,,,
Primark Town Center Plaridel[23],Primark Philippine Properties,,,Plaridel,,,Bulacan,,,
Primark Town Center Gerona,Primark Philippine Properties,,,Gerona,,,Tarlac,,,
Robinsons Luisita[citation needed],Robinsons Land,,,San Miguel,,,Tarlac,,,
Robinsons Place Malolos[citation needed],Robinsons Land,,,Malolos,,,Bulacan,First Full-Service Mall in the First district of Bulacan.,,
Robinsons Starmills Pampanga[citation needed],Robinsons Land,,,San Fernando,,,Pampanga,,,
Robinsons Townville Cabanatuan,Robinsons Land,,,Cabanatuan,,,Nueva Ecija,First Robinsons Mall in Nueva Ecija,,
Robinsons Townville Pulilan[citation needed],Robinsons Land,,,Pulilan,,,Bulacan,,,
SM City Baliwag,SM Prime Holdings,,,Baliuag,,,Bulacan,Second SM Mall in Bulacan,,
SM City Cabanatuan,SM Prime Holdings,,,Cabanatuan,,,Nueva Ecija,Second SM Mall in Cabanatuan. One of the biggest malls in Central Luzon.,,
SM City Marilao,SM Prime Holdings,,,Marilao,,,Bulacan,First SM Mall in Bulacan,,
SM City Olongapo,SM Prime Holdings,,,Olongapo,,,Zambales,,,
SM City San Jose del Monte,SM Prime Holdings,,,San Jose del Monte,,,Bulacan,Third SM Mall in Bulacan,,
SM City Tarlac,SM Prime Holdings,,,Tarlac City,,,Tarlac,,,
SM City Pampanga,SM Prime Holdings,,,San Fernando City and Mexico,,,Pampanga,,,
SM City San Fernando Downtown,SM Prime Holdings,,,San Fernando City,,,Pampanga,,,
SM City Telabastagan,SM Prime Holdings,,,San Fernando City,,,Pampanga,"Fourth SM Mall in Pampanga and Third SM Mall in San Fernando, Pampanga",,
SM Megacenter Cabanatuan,SM Prime Holdings,,,Cabanatuan,,,Nueva Ecija,Originally known as Megacenter the Mall. SM Prime acquired the mall from CHAS Realty and Development Corp. in 2013 becoming the First SM Mall in Cabanatuan.,,
SM Center Pulilan,SM Prime Holdings,,,Pulilan,,,Bulacan,Fourth SM Mall in Bulacan,,
Starmall San Jose del Monte[citation needed],Vista Land & Lifescapes,,,San Jose del Monte,,,Bulacan,,,
Tarlac Central Mall[citation needed],,,,Tarlac City,,,Tarlac,,,
Tarlac Central Mall[citation needed],,,,Tarlac City,,,Tarlac,,,
Vista Mall Malolos,Vista Land & Lifescapes,,,Malolos,,,Bulacan,,,
Walter Mart Concepcion,Walter Mart Inc.,,,Concepcion,,,Tarlac,First Walter Mart in Tarlac.,,
Walter Mart Gapan,Walter Mart Inc.,,,Gapan,,,Nueva Ecija,First Walter Mart in Nueva Ecija.,,
Walter Mart Guiguinto,Walter Mart Inc.,,,Guiguinto,,,Bulacan,,,
Walter Mart Paniqui,Walter Mart Inc.,,,Paniqui,,,Tarlac,Second Walter Mart in Tarlac.,,
Walter Mart Plaridel,Walter Mart Inc.,,,Plaridel,,,Bulacan,,,
Walter Mart San Jose,Walter Mart Inc.,,,San Jose,,,Nueva Ecija,Fourth Walter Mart in Nueva Ecija.,,
Walter Mart Sta. Maria,Walter Mart Inc.,,,Santa Maria,,,Bulacan,,,
Walter Mart Talavera,Walter Mart Inc.,,,Talavera,,,Nueva Ecija,Third Walter Mart in Nueva Ecija.,,
Walter Mart Capas (Soon),Walter Mart Inc.,,,Capas,,,Tarlac,Third Walter Mart in Tarlac.,,
138 Mall[24],Formerly known as Plaza Fair,,,Cebu City,,,Cebu,,,
AH Shoppers' Mart[25],AH Shoppers' Mart Inc.,,,Tagbilaran,,,Bohol,,,
Alturas Mall[26],Alturas Supermarket Corp.,,,Tagbilaran,,,Bohol,,,
Alturas Mall Talibon[27],Alturas Supermarket Corp.,,,Talibon,,,Bohol,,,
Alturas Tubigon[28],Alturas Supermarket Corp.,,,Tubigon,,,Bohol,,,
APM Shopping Mall[citation needed],,,,Cebu City,,,Cebu,,,
Ayala Center Cebu,Ayala Land,,,Cebu City,,,Cebu,The 1st Ayala mall outside of Metro Manila; opened in 1994.,,
Ayala Malls Central Bloc[29],Ayala Land,,,Cebu City,,,Cebu,In Cebu IT Park and will be the 2nd Ayala mall in Cebu City when finished in October 2019.,,
Banilad Town Centre[citation needed],,,,Cebu City,,,Cebu,,,
Bohol Quality Mall[30],Bohol Quality Corp.,,,Tagbilaran,,,Bohol,,,
Bohol Quality Superstore Jagna[30],Bohol Quality Corp.,,,Jagna,,,Bohol,,,
Bohol Quality Superstore Tubigon[28],Bohol Quality Corp.,,,Tubigon,,,Bohol,,,
Cebu Boardwalk Mall[citation needed],KMC MAG Group,,,Mandaue,,,Cebu,On-Hold,,
CityMall Bacalso[31],DoubleDragon Properties,,,Cebu City,,,Cebu,,,
CityMall Consolacion[citation needed],DoubleDragon Properties,,,Consolacion,,,Cebu,,,
CityMall Dumaguete,DoubleDragon Properties,,,Dumaguete,,,Negros Oriental,,,
Colonnade Mall[citation needed],Colon Heritage Realty Corp.,,,Cebu City,,,Cebu,,,
Colonnade Mall[citation needed],Colon Heritage Realty Corp.,,,Mandaue,,,Cebu,,,
Crossroads Mall[citation needed],,,,Cebu City,,,Cebu,,,
Elizabeth Mall[citation needed],,,,Cebu City,,,Cebu,,,
Gaisano Capital Danao[32],Gaisano,,,Danao,,,Cebu,,,
Gaisano Capital South Mall Cebu[32],Gaisano,,,Cebu City,,,Cebu,,,
Gaisano Capital SRP[32],Gaisano,,,Talisay,,,Cebu,,,
Gaisano Capital Tisa[32],Gaisano,,,Cebu City,,,Cebu,,,
Gaisano Center Bogo[citation needed],Gaisano,,,Bogo,,,Cebu,,,
Gaisano Country Mall[citation needed],Gaisano,,,Cebu City,,,Cebu,,,
Gaisano Fiesta Mall[citation needed],Gaisano,,,Talisay,,,Cebu,,,
Gaisano Grand Mall Carcar[citation needed],Gaisano,,,Carcar,,,Cebu,,,
Gaisano Grand Mall Cordova[citation needed],Gaisano,,,Cordova,,,Cebu,,,
Gaisano Grand Mall Dumanjug[citation needed],Gaisano,,,Dumanjug,,,Cebu,,,
Gaisano Grand Mall Jai-alai[citation needed],Gaisano,,,Cebu City,,,Cebu,,,
Gaisano Grand Mall Liloan[citation needed],Gaisano,,,Liloan,,,Cebu,,,
Gaisano Grand Mall Mactan[citation needed],Gaisano,,,Lapu-Lapu,,,Cebu,,,
Gaisano Grand Mall Minglanilla[citation needed],Gaisano,,,Minglanilla,,,Cebu,,,
Gaisano Grand Mall Moalboal[citation needed],Gaisano,,,Moalboal,,,Cebu,,,
Gaisano Grand Mandaue Centro[citation needed],Gaisano,,,Mandaue,,,Cebu,,,
Gaisano Grand Talamban[citation needed],Gaisano,,,Cebu City,,,Cebu,,,
Gaisano Grand Mall Toledo[citation needed],Gaisano,,,Toledo,,,Cebu,,,
Gaisano Mactan Island Mall[citation needed],Gaisano,,,Lapu-Lapu,,,Cebu,,,
Gaisano Main Cebu[citation needed],Gaisano,,,Cebu City,,,Cebu,,,
Gaisano Saver's Mart[citation needed],Gaisano,,,Lapu-Lapu,,,Cebu,,,
Gaisano Town Center[citation needed],Gaisano,,,Balamban,,,Cebu,,,
Galleria Luisa[30],Bohol Quality Corp.,,,Tagbilaran,,,Bohol,,,
Il Corso Festival Mall[citation needed],Filinvest,,,Cebu City,,,Cebu,,,
Insular Square Mall[citation needed],A. Lim Corp.,,,Mandaue,,,Cebu,,,
Island CityMall[citation needed],Alturas Supermarket Corp.,,,Tagbilaran,,,Bohol,,,
JCentre Mall[33],,,,Mandaue,,,Cebu,,,
JY Square Discovery Mall[citation needed],Jovima Management and Development Corp.,,,Cebu City,,,Cebu,,,
Marina Mall[citation needed],,,,Lapu-Lapu,,,Cebu,,,
Pacific Mall[citation needed],,,,Mandaue,,,Cebu,,,
Parkmall[citation needed],,,,Mandaue,,,Cebu,,,
Plaza Magellan[citation needed],Megaworld Corporation,,,Lapu-Lapu,,,Cebu,,,
Plaza Marcela[26],Alturas Supermarket Corp.,,,Tagbilaran,,,Bohol,,,
Raj Shopping Center[34],,,,Guindulman,,,Bohol,,,
Robinsons Cybergate Cebu[35],Robinsons Land,,,Cebu City,,,Cebu,,,
Robinsons Galleria Cebu[36],Robinsons Land,,,Cebu City,,,Cebu,,,
Robinsons Fuente[37],Robinsons Land,,,Cebu City,,,Cebu,,,
Robinsons Place Dumaguete,Robinsons Land,,,Dumaguete,,,Negros Oriental,,,
S&R Cebu[citation needed],S&R Membership Shopping,,,Mandaue,,,Cebu,,,
Shopwise[citation needed],,,,Cebu City,,,Cebu,,,
South Town Centre[citation needed],,,,Talisay,,,Cebu,,,
Starmall Azienda[citation needed],Vista Land & Lifescapes,,,Talisay,,,Cebu,1st Starmall in the Visayas region,,
SM City Cebu,SM Prime Holdings,,,Cebu City,,,Cebu,"The 4th shopping mall owned and developed by SM Prime Holdings. It is the company's first shopping mall outside of Metro Manila. The mall opened on November 27, 1993. It is also categorized as a Flagship mall with IMAX Theater, 2 Trade Halls, Hotel, and a Convention Center.",,
SM City Consolacion,SM Prime Holdings,,,Consolacion,,,Cebu,2nd shopping mall owned and developed by SM Prime Holdings in Cebu.,,
SM Seaside City Cebu,SM Prime Holdings,,,Cebu City,,,Cebu,Biggest mall in the Visayas region and 4th largest mall in the Philippines,,
Tagbilaran City Square[citation needed],,,,Tagbilaran,,,Bohol,,,
Vibo Place Mall[citation needed],,,,Cebu City,,,Cebu,,,
Abanao Square[38],Pacific Land and Building Corp.,,,Baguio,,,,"Anchored by National Bookstore, Timezone, DIY shop, Japan Home Center, BDO & CDR King",,
Baguio Ayala Technohub[citation needed],Ayala Land,,,Baguio,,,,BPOs and other technological establishments thrive here,,
Baguio Centermall[citation needed],,,,Baguio,,,,"1st big shopping mall in Baguio; anchored by Mart One & Robinsons Supermarket, Robinsons Appliances and Handyman",,
Cedar Peak Mall[citation needed],,,,Baguio,,,,Savemore Market and Watsons. Near Baguio Country Mart and NOVO. Hybrid of mall and residences.,,
Cooyeesan Plaza Mall[citation needed],,,,Baguio,,,,"Puregold, DIY Hardware & Japan Home Center.",,
Centerpoint Plaza[citation needed],,,,Baguio,,,,"Anchored by Puregold, Robinsons & BDO.",,
Leonard Wood Terraces,,,,Baguio,,,,"Marketplace by Rustan's, the only Rustan's affiliate in the North Luzon.",,
Maharlika Complex[citation needed],,,,Baguio,,,,The 1st mall in the region; near Baguio City Market,,
Porta Vaga Mall[citation needed],"Found near the Baguio Cathedral. Also divided into segments, like main mall, Session Road shops and Antipolo Building.",,,Baguio,,,Benguet,Robinsons Supermarket,,
Puregold La Trinidad[citation needed],,,,La Trinidad,,,Benguet,1st Puregold outside Baguio and 1st in Benguet,,
Savemore La Trinidad,,,,La Trinidad,,,Benguet,,,
SM City Baguio,SM Prime Holdings,,,Baguio,,,,Biggest shopping mall in the City. Only SM Mall that has no air conditioning.,,
168 Mall[citation needed],Filipino-Chinese Traders Association (Davao City),,,Davao City,,,Davao del Sur,,,
Abreeza,Ayala Land,,,Davao City,,,Davao del Sur,1st Ayala mall in Mindanao,,
Center Point Plaza[citation needed],New City Commercial Corp.,,,Davao City,,,Davao del Sur,,,
Chimes Mall[citation needed],Felcris Corp.,,,Davao City,,,Davao del Sur,1st upscale strip mall in the Davao Region,,
CityMall Tagum[citation needed],DoubleDragon Properties,,,Tagum,,,Davao del Norte,1st CityMall in Davao Region and was anchored by SM Savemore Market. It has also the first Simply Shoes store in Mindanao.,,
DCLA Shopping Center[citation needed],,,,Davao City,,,Davao del Sur,,,
Felcris Centrale[citation needed],Felcris Corp.,,,Davao City,,,Davao del Sur,,,
Gaisano Grand Mall Carmen[citation needed],Gaisano,,,Carmen,,,Davao del Norte,,,
Gaisano Grand Mall Digos[citation needed],Gaisano,,,Digos,,,Davao del Sur,,,
Gaisano Grand Mall Panabo[citation needed],Gaisano,,,Panabo,,,Davao del Norte,,,
Gaisano Grand Mall Tagum[citation needed],Gaisano,,,Tagum,,,Davao del Norte,,,
Gaisano Grand Mall of Tibungco[citation needed],DSG Sons Group Inc.,,,Davao City,,,Davao del Sur,,,
Gaisano Grand Mall Toril[citation needed],Gaisano,,,Davao City,,,Davao del Sur,,,
Gaisano Mall of Toril[citation needed],DSG Sons Group Inc.,,,Davao City,,,Davao del Sur,4th largest Gaisano mall in the Philippines,,
Gaisano Mall of Davao,DSG Sons Group Inc.,,,Davao City,,,Davao del Sur,Largest Gaisano mall in the Philippines,,
Gaisano Mall of Tagum[citation needed],DSG Sons Group Inc.,,,Tagum,,,Davao del Norte,,,
Gaisano Mall of Digos[citation needed],DSG Sons Group Inc.,,,Digos,,,Davao del Sur,3rd largest Gaisano mall in the Philippines,,
Gaisano Grand Citimall Davao-Ilustre[citation needed],Shogun Management & Development Corp.,,,Davao City,,,Davao del Sur,,,
NCCC Mall Buhangin,New City Commercial Corp.,,,Davao City,,,Davao del Sur,,,
NCCC Main Uyanguren[citation needed],New City Commercial Corp.,,,Davao City,,,Davao del Sur,,,
NCCC Mall Davao,New City Commercial Corp.,,,Davao City,,,Davao del Sur,Site of the deadly 2017 Davao City mall fire.,,
NCCC Main Uyanguren[citation needed],New City Commercial Corp.,,,Davao City,,,Davao del Sur,,,
NCCC Mall Tagum,New City Commercial Corp.,,,Tagum,,,Davao del Norte,,,
Robinsons Cybergate Davao[citation needed],Robinsons Land,,,Davao City,,,Davao del Sur,,,
Robinsons Place Tagum[citation needed],Robinsons Land,,,Tagum,,,Davao del Norte,The 1st world-class mall in Davao del Norte that house the six state-of-the-art cinemas that include a 3D theater by Robinsons Movieworld.,,
SM City Davao,SM Prime Holdings,,,Davao City,,,Davao del Sur,"Opened to the public on November 17, 2001; 1st SM Supermall in Mindanao",,
SM Lanang Premier,SM Prime Holdings,,,Davao City,,,Davao del Sur,"2nd SM Supermall in Davao City and 4th SM Supermall in Mindanao. It is located in the northern part of the city, and the 1st premier shopping mall in southern Philippines. It boasts its atrium, which is Davao City's largest and most spacious.",,
S&R Davao[citation needed],S&R Membership Shopping,,,Davao CityMatina,,,Davao del Sur,The 1st S&R in Mindanao,,
Sunscor Grocerama[citation needed],Sunscor Realty Corp.,,,Davao CityToril District,,,Davao del Sur,,,
Victoria Plaza Mall[citation needed],Davao Sunrise Investment & Development Corp.,,,Davao City,,,Davao del Sur,1st shopping mall in Davao City,,
Gaisano Capital Ormoc[citation needed],Gaisano,,,Ormoc,,,Leyte,,,
Gaisano Capital Sogod[citation needed],Gaisano,,,Sogod,,,Southern Leyte,,,
Gaisano Capital Tacloban[citation needed],Gaisano,,,Tacloban,,,Leyte,First Shopping Mall in Tacloban,,
Gaisano Central Mall Tacloban[citation needed],Gaisano,,,Tacloban,,,Leyte,,,
Gaisano Metro Maasin[citation needed],Gaisano,,,Maasin,,,Southern Leyte,,,
Gaisano Riverside Mall[citation needed],Gaisano,,,Ormoc,,,Leyte,,,
Robinsons Place Ormoc,Robinsons Land,,,Ormoc,,,Leyte,,,
Robinsons Place Tacloban,Robinsons Land,,,Tacloban,,,Leyte,First Robinsons Mall in Eastern Visayas[39][circular reference],,
Robinsons North Tacloban,Robinsons Land,,,Tacloban,,,Leyte,Second Robinsons Mall in Tacloban,,
SM Savemore Tacloban[citation needed],SMPH,,,Tacloban,,,Leyte,,,
SM Center Ormoc,SM Prime Holdings,,,Ormoc,,,Leyte,,,
Wilsam Uptown Mall Borongan[citation needed],Wilsam Inc.,,,Borongan,,,Eastern Samar,First mall in Eastern Visayas,,
J & F Mall Borongan[citation needed],J & F,,,Borongan,,,Eastern Samar,includes Puregold as the supermarket component,,
578 Emporium Tacloban[citation needed],578 Emporium,,,Tacloban,,,Leyte,,,
Dynasty Square Tacloban[citation needed],Dynasty Square,,,Tacloban,,,Leyte,,,
Gaisano Grand Catarman[citation needed],Gaisano,,,Catarman,,,Northern Samar,,,
Gaisano Grand Calbayog[citation needed],Gaisano,,,Calbayog,,,Samar,,,
578 Emporium Borongan,578 Emporium,,,Borongan,,,Eastern Samar,,,
Gaisano Capital Real,Gaisano,,,Tacloban,,,Leyte,,,
Primark Town Center Caibaan,LKY Group,,,Tacloban,,,Leyte,,,
CB Mall[citation needed],CBE Estrada Group of Companies,,,Urdaneta,,,Pangasinan,,,
CSI The City Mall Dagupan[40],"City Supermarket, Inc.",,,Dagupan,,,Pangasinan,,,
CSI Market Square Mall[40],"City Supermarket, Inc.",,,Dagupan,,,Pangasinan,,,
CSI The City Mall La Union[41],"City Supermarket, Inc.",,,San Fernando,,,La Union,The 1st Mall in La Union,,
JTC Mall[citation needed],,,,Bantay,,,Ilocos Sur,,,
Magic Mall San Carlos[citation needed],,,,San Carlos,,,Pangasinan,,,
Magic Mall Urdaneta[citation needed],,,,Urdaneta,,,Pangasinan,,,
Magic CenterPoint Dagupan[citation needed],,,,Dagupan,,,Pangasinan,The 1st Magic Shopping Center,,
Manna Mall[citation needed],,,,San Fernando,,,La Union,"Anchored by Puregold, National Bookstore, Robinsons Appliances, CDR-King; The 3rd Mall in La Union",,
Nepo Mall Dagupan[citation needed],,,,Dagupan,,,Pangasinan,,,
CityMall Mayombo Dagupan,,,,Dagupan,,,Pangasinan,,,
Primark Town Center Aringay[16],Primark Philippine Properties,,,Aringay,,,La Union,"Anchored by Savemore; The 4th Mall in La Union, 1st Primark in La Union",,
Robinsons Place Ilocos Norte[citation needed],Robinsons Land,,,San Nicolas,,,Ilocos Norte,First full-service mall in Ilocos Norte,,
Robinsons Place Pangasinan[citation needed],,,,Calasiao,,,Pangasinan,,,
San Carlos Town Center[42],,,,San Carlos,,,Pangasinan,,,
SM City Rosales,SM Prime Holdings,,,Rosales,,,Pangasinan,First SM Mall in Pangasinan,,
SM City Urdaneta Central,SM Prime Holdings,,,Urdaneta,,,Pangasinan,Second SM Mall in Pangasinan,,
SM Center Dagupan,SM Prime Holdings,,,Dagupan,,,Pangasinan,Third SM Mall in Pangasinan and First SM Mall in Dagupan,,
Xentro Mall Vigan,AMRC Holdings Co. Inc.,,,Vigan,,,Ilocos Sur,,,
GT 168 Mall,"Golden Three 168 Trading, Inc.",,,Boac,,,Marinduque,First mall in Marinduque,,
Gaisano Capital Calapan,Gaisano,,,Calapan,,,Oriental Mindoro,,,
Gaisano Capital San Jose,Gaisano,,,San Jose,,,Occidental Mindoro,,,
NCCC Mall Puerto Princesa[citation needed],New City Commercial Corp.,,,Puerto Princesa,,,Palawan,,,
Xentro Mall Calapan/Neo Calapan Mall[citation needed],AMRC Holdings Co. Inc.,,,Calapan,,,Oriental Mindoro,First and Only Full-Service Mall in Calapan[citation needed],,
Robinsons Place Palawan,Robinsons Land,,,Puerto Princesa,,,Palawan,,,
SM City Puerto Princesa[43],SM Prime Holdings,,,Puerto Princesa,,,Palawan,First SM Mall in Mimaropa,,
Centrio,Ayala Land,,,Cagayan de Oro,,,Misamis Oriental,,,
CityMall Bulua[citation needed],DoubleDragon Properties,,,Cagayan de Oro,,,Misamis Oriental,,,
CityMall Iponan[citation needed],DoubleDragon Properties,,,Cagayan de Oro,,,Misamis Oriental,,,
Gaisano Department Store Main Iligan[citation needed],Gaisano,,,Iligan,,,Lanao del Norte,,,
Gaisano Capital Balingasag,Gaisano,,,Balingasag,,,Misamis Oriental,,,
Gaisano Super Citi Mall Iligan[citation needed],Gaisano,,,Iligan,,,Lanao del Norte,,,
Geegee Mall[citation needed],,,,Ozamiz,,,Misamis Occidental,,,
Robinsons Place Iligan[44],Robinsons Land,,,Iligan,,,Lanao del Norte,,,
Iligan Fiesta Mall,,,,Iligan,,,Lanao del Norte,,,
SBG Strip Mall,,,,Iligan,,,Lanao del Norte,,,
Squarelland Shopping Centre,,,,Iligan,,,Lanao del Norte,,,
Robinsons Place Valencia,Robinsons Land,,,Valencia,,,Bukidnon,,,
Robinsons Cagayan de Oro[citation needed],Robinsons Land,,,Cagayan de Oro,,,Misamis Oriental,1st Robinsons mall in Mindanao,,
Limketkai Center,Limketkai Sons Inc.,,,Cagayan de Oro,,,Misamis Oriental,"1st shopping complex in Mindanao, also one of the largest mall complex in Mindanao",,
Gaisano City Mall,Gaisano Sons Inc.,,,Cagayan de Oro,,,Misamis Oriental,,,
Gaisano Puerto,Gaisano Sons Inc.,,,Cagayan de Oro,,,Misamis Oriental,,,
Gaisano Bulua,Gaisano Sons Inc.,,,Cagayan de Oro,,,Misamis Oriental,,,
SM City Cagayan de Oro,SM Prime Holdings,,,Cagayan de Oro,,,Misamis Oriental,,,
Puregold Cagayan de Oro[citation needed],Puregold Price Club,,,Cagayan de Oro,,,Misamis Oriental,Puregold's flagship store in Mindanao,,
S&R Cagayan de Oro[citation needed],S&R Membership Shopping,,,Cagayan de Oro,,,Misamis Oriental,,,
Vista Mall[citation needed],Vista Land & Lifescapes,,,Cagayan de Oro,,,Misamis Oriental,,,
SM CDO Downtown Premier,SM Prime Holdings,,,Cagayan de Oro,,,Misamis Oriental,Biggest SM shopping mall in Mindanao,,
Village Center CDO,Vista Land & Lifescapes,,,Cagayan de Oro,,,Misamis Oriental,1st Vista mall in Mindanao,,
Ororama Supercenter Cogon,Ororama Supercenters Inc.,,,Cagayan de Oro,,,Misamis Oriental,,,
Ororama Supercenter Carmen,Ororama Supercenters Inc.,,,Cagayan de Oro,,,Misamis Oriental,,,
Market City,Ororama Supercenters Inc.,,,Cagayan de Oro,,,Misamis Oriental,,,
Prince Town Gingoog,Prince Warehouse Club Inc.,,,Gingoog,,,Misamis Oriental,,,
Ace CenterPoint[citation needed],Ace Centerpoint,,,Koronadal,,,South Cotabato,,,
Fitmart GenSan,Fitmart,,,General Santos,,,South Cotabato,,,
Gaisano Grand Mall Kidapawan[citation needed],Gaisano,,,Kidapawan,,,North Cotabato,,,
Gaisano Grand Mall Koronadal[citation needed],Gaisano,,,Koronadal,,,South Cotabato,,,
Gaisano Grand Mall Polomolok[citation needed],Gaisano,,,Polomok,,,South Cotabato,,,
Gaisano Mall General Santos[citation needed],Gaisano,,,General Santos,,,South Cotabato,,,
KCC Mall of General Santos,Koronadal Commercial Corp.,,,General Santos,,,South Cotabato,,,
KCC Mall of Marbel,Koronadal Commercial Corp.,,,Koronadal,,,South Cotabato,,,
KMCC Mall[citation needed],Kidapawan Megacenter Corp.,,,Kidapawan,,,North Cotabato,,,
MC Square Mall[citation needed],,,,Kidapawan,,,North Cotabato,,,
Primark Town Center Tacurong,Primark Philippine Properties,,,Tacurong,,,Sultan Kudarat,The 1st ever Primark in Mindanao,,
Robinsons Place General Santos,Robinsons Malls,,,General Santos,,,South Cotabato,,,
SM City General Santos,SM Prime Holdings,,,General Santos,,,South Cotabato,,,
Tacurong Fitmart Supermarket[citation needed],,,,Tacurong,,,Sultan Kudarat,,,
Tacurong Kimsan Plaza[citation needed],,,,Tacurong,,,Sultan Kudarat,,,
Veranza Mall[citation needed],Veranza Mall,,,General Santos,,,South Cotabato,The 1st environmentally inspired mall of the region[citation needed],,
CityMall Koronadal,DoubleDragon Properties,,,Koronadal,,,South Cotabato,1st CityMall in Soccsksargen,,
CityMall Isulan,DoubleDragon Properties,,,Isulan,,,Sultan Kudarat,,,
888 China Town Mall[citation needed],,,,Bacolod,,,Negros Occidental,,,
Ayala Malls Capitol Central[citation needed],Ayala Land,,,Bacolod,,,Negros Occidental,,,
Capitol Shopping Center[citation needed],,,,Bacolod,,,Negros Occidental,,,
Centroplex Mall[citation needed],,,,Bacolod,,,Negros Occidental,,,
CityMall Arnaldo-Roxas,DoubleDragon Properties,,,Roxas,,,Capiz,1st CityMall in the Philippines,,
CityMall Boracay,DoubleDragon Properties,,,Malay,,,Aklan,,,
CityMall Cadiz,DoubleDragon Properties,,,Cadiz,,,Negros Occidental,,,
CityMall Goldenfields[citation needed],DoubleDragon Properties,,,Bacolod,,,Negros Occidental,,,
CityMall Kabankalan,DoubleDragon Properties,,,Kabankalan,,,Negros Occidental,,,
CityMall Kalibo,DoubleDragon Properties,,,Kalibo,,,Aklan,,,
CityMall Parola,DoubleDragon Properties,,,Iloilo City,,,Iloilo,,,
CityMall Pavia,DoubleDragon Properties,,,Pavia,,,Iloilo,,,
CityMall Roxas Avenue,DoubleDragon Properties,,,Roxas,,,Capiz,2nd CityMall in Roxas City,,
"CityMall San Carlos, Negros",DoubleDragon Properties,,,San Carlos,,,Negros Occidental,,,
CityMall Tagbak- Jaro,DoubleDragon Properties,,,Iloilo City,,,Iloilo,,,
CityMall Victorias,DoubleDragon Properties,,,Victorias,,,Negros Occidental,,,
d'Mall de Boracay[45],,,,Malay,,,Aklan,1st outdoor mall in Panay,,
Festive Walk Mall[citation needed],Megaworld Corporation,,,Iloilo City,,,Iloilo,The 1st Megaworld lifestyle mall outside Metro Manila,,
Gaisano Capital Balasan[32],Gaisano,,,Balasan,,,Iloilo,,,
Gaisano Capital Iloilo[32],Gaisano,,,Iloilo City,,,Iloilo,,,
Gaisano Capital Kalibo,Gaisano,,,Kalibo,,,Aklan,,,
Gaisano Capital Oton[32],Gaisano,,,Oton,,,Iloilo,,,
Gaisano Capital Passi[32],Gaisano,,,Passi,,,Iloilo,,,
Gaisano Capital San Carlos,,,,San Carlos,,,Negros Occidental,,,
Gaisano City Bacolod[citation needed],Gaisano City Supermall,,,Bacolod,,,Negros Occidental,,,
Gaisano Grand Arcade Roxas[citation needed],Gaisano,,,Roxas,,,Capiz,The 1st Gaisano shopping arcade in Western Visayas,,
Gaisano Capital Kabankalan,,,,Kabankalan,,,Negros Occidental,,,
Gaisano Grand Mall of Antique[citation needed],Gaisano,,,San Jose de Buenavista,,,Antique,,,
Gaisano Grand Market Place Roxas[citation needed],Gaisano,,,Roxas,,,Capiz,,,
Gaisano Grand Roxas[citation needed],Gaisano,,,Roxas,,,Capiz,The 1st mall in Northern Panay and the 1st full-service mall and the biggest Gaisano mall in Northern Panay,,
Gaisano Grand Silay,,,,Silay,,,Negros Occidental,,,
Gaisano Guanco[32],Gaisano,,,Iloilo City,,,Iloilo,,,
Gaisano Main Bacolod[citation needed],,,,Bacolod,,,Negros Occidental,,,
GT Plaza Mall[citation needed],,,,Iloilo City,,,Iloilo,,,
GT Town Center,,,,Pavia,,,Iloilo,,,
KH Shopping Center[citation needed],Kim Huat Group,,,Kalibo,,,Aklan,,,
Limman's Center[citation needed],,,,Bacolod,,,Negros Occidental,,,
Lopue's Araneta[citation needed],,,,Bacolod,,,Negros Occidental,,,
Lopue's East Centre[citation needed],,,,Bacolod,,,Negros Occidental,,,
Lopue's Mandalagan[citation needed],,,,Bacolod,,,Negros Occidental,,,
Lopue's Panaad[citation needed],,,,Bacolod,,,Negros Occidental,,,
Lopue's San Sebastian[citation needed],,,,Bacolod,,,Negros Occidental,,,
Lopue's South Centre[citation needed],,,,Bacolod,,,Negros Occidental,,,
Marymart Center[citation needed],,,,Iloilo City,,,Iloilo,1st premier mall in Western Visayas,,
Plazuela de Iloilo[citation needed],The Florete Land Inc.,,,Iloilo City,,,Iloilo,,,
Plazuela Tres Pavia,The Florete Land Inc.,,,Pavia,,,Iloilo,,,
Primark Town Center - Pontevedra,,,,Pontevedra,,,Capiz,First Primark Town Center in Northen Panay and Western Visayas,,
Robinsons Cybergate Bacolod[citation needed],Robinsons Land,,,Bacolod,,,Negros Occidental,,,
Robinsons Place Antique[citation needed],Robinsons Land,,,San Jose de Buenavista,,,Antique,,,
Robinsons Place Bacolod,Robinsons Land,,,Bacolod,,,Negros Occidental,"1st Robinsons mall in the Visayas region, opened in 1997.",,
Robinsons Place Iloilo[46],Robinsons Land,,,Iloilo City,,,Iloilo,The 1st and largest Robinsons mall in Iloilo City,,
Robinsons Place Jaro,Robinsons Land,,,Iloilo City,,,Iloilo,2nd Robinsons mall in Iloilo City,,
Robinsons Place Pavia[citation needed],Robinsons Land,,,Pavia,,,Iloilo,The 3rd Robinsons mall in Iloilo and the 1st mall to have an Aqua Park in Western Visayas.,,
Robinsons Place Roxas,Robinsons Land,,,Roxas,,,Capiz,The 1st and only Robinsons mall in Northern Panay and the biggest mall in Northern Panay,,
S&R Iloilo,S&R Membership Shopping,,,Iloilo City,,,Iloilo,,,
SM City Bacolod,SM Prime Holdings,,,Bacolod,,,Negros Occidental,,,
SM City Iloilo,SM Prime Holdings,,,Iloilo City,,,Iloilo,Largest shopping mall in Western Visayas.,,
SM Delgado,SM Prime Holdings,,,Iloilo City,,,Iloilo,It is the 4th SM Department Store built by Henry Sy Sr. and the 1st branch opened outside Metro Manila. SM Supermarket was conceptualized and opened its store at SM Delgado in 1979. It was renovated and relaunched in 2004.,,
Street of Festive Walk,Megaworld Corporation,,,Iloilo City,,,Iloilo,,,
The Atrium[citation needed],,,,Iloilo City,,,Iloilo,,,
The District North Point[citation needed],Ayala Land,,,Talisay,,,Negros Occidental,1st Ayala mall in Western Visayas.,,
The Shops at Amigo[citation needed],,,,Iloilo City,,,Iloilo,,,
The Shops at Atria[citation needed],Ayala Land,,,Iloilo City,,,Iloilo,The 2nd and smallest Ayala mall in Western Visayas,,
Unitop Shopping Mall Roxas[citation needed],Unitop Group of Companies,,,Roxas,,,Capiz,,,
Vista Mall Iloilo[citation needed],Vista Land,,,Oton,,,Iloilo,The first Vista Mall outside Luzon (Full-scale Mall),,
VSB Mall[citation needed],,,,Bacolod,,,Negros Occidental,,,
Alabang Town Center,Ayala Land,,,,,"Alabang–Zapote Road, Ayala Alabang, Muntinlupa",,,"48,000[5]",1982.0
Ayala Malls Manila Bay,Ayala Land,,,,,"Macapagal Boulevard, Aseana City, Bay City, Parañaque",,,160000,2019.0
Evia Lifestyle Center,Vista Land[6],,,,,"Daang Hari Road, Las Piñas",,,120000,2012.0
Fairview Terraces,Ayala Land,,,,,"Quirino Highway corner Maligaya Drive, Novaliches, Quezon City",,,114000,2014.0
Festival Alabang,Filinvest Land,,,,,"Corporate Avenue corner Civic Drive, Filinvest City, Alabang, Muntinlupa",,,"400,000[7]",1998.0
Gateway Mall,Araneta Group,,,,,"Aurora Boulevard corner Gen. Aguinaldo Street, Araneta Center, Socorro, Quezon City",,,"100,000[8]",2004.0
Glorietta,Ayala Land,,,,,"Ayala Avenue, Ayala Center, Makati",,,"250,000[9]",1991.0
Greenbelt,Ayala Land,,,,,"Makati Avenue, Ayala Center, Makati",,,"250,000[10]",1990.0
Market! Market!,Ayala Land,,,,,"26th Street corner C-5 Road, Bonifacio Global City, Taguig",,,170000,2003.0
Power Plant Mall,Lopez Holdings,,,,,"Rockwell Drive corner Estrella Street, Rockwell Center, Makati",,,41000,2000.0
Robinsons Galleria,Robinsons Land,,,,,"EDSA corner Ortigas Avenue, Ortigas Center, Quezon City",,,216000,1990.0
Robinsons Place Manila,Robinsons Land,,,,,"Pedro Gil Street corner Adriatico Street, Ermita, Manila",,,"241,000[11]",1997.0
Shangri-La Plaza,Shang Properties,,,,,"EDSA corner Shaw Boulevard, Ortigas Center, Mandaluyong",,,"175,000[12]",1991.0
SM Aura Premier,SM Prime Holdings,,,,,"C-5 Road corner McKinley Parkway, Bonifacio Global City, Taguig",,,198257,2013.0
SM City Fairview,SM Prime Holdings,,,,,"Quirino Highway, Greater Lagro, Novaliches, Quezon City",,,282681,1997.0
SM City North EDSA,SM Prime Holdings,,,,,"EDSA corner North Avenue, Quezon City",,,497213,1985.0
SM Mall of Asia,SM Prime Holdings,,,,,"Jose Diokno Boulevard, Bay City, Pasay",,,"432,891[13]",2006.0
SM Megamall,SM Prime Holdings,,,,,"EDSA corner Julia Vargas Avenue, Ortigas Center, Mandaluyong",,,"474,225[14]",1991.0
SM Southmall,SM Prime Holdings,,,,,"Alabang–Zapote Road, Pilar Village, Las Piñas",,,"205,120[15]",1995.0
TriNoma,Ayala Land,,,,,"EDSA corner North Avenue, Quezon City",,,"195,000[8]",2007.0
U.P. Town Center,Ayala Land,,,,,"Katipunan Avenue, Loyola Heights, Quezon City",,,174000,2013.0
500 Shaw Zentrum,Lica Land,,,,,Mandaluyong,,,,
Agora Mall,,,,,,San Juan,,,,
Ali Mall,Araneta Group,,,,,Quezon CityAraneta Center,,,,
Anonas City Center,,,,,,Quezon City,,,,
Araneta Square,,,,,,CaloocanMonumento,,,,
Berkeley Square,,,,,,Quezon City,,,,
Cash & Carry Mall,,,,,,Makati,,,,
Centris Station,Eton Properties,,,,,Quezon CityEton Centris,,,,
Circle C Center,,,,,,Quezon City,,,,
Ever Gotesco Commonwealth Center,Ever Gotesco Malls,,,,,Quezon City,,,,
Ever Gotesco Manila Plaza,Ever Gotesco Malls,,,,,ManilaQuiapo,,,,
Fairview Center Mall,,,,,,Quezon City,,,,
Farmers Plaza,Araneta Group,,,,,Quezon CityAraneta Center,,,,
Fisher Mall Malabon[16],,,,,,Malabon,,,,
Fisher Mall Quezon Avenue,,,,,,Quezon City,,,,
Forum Robinsons,Robinsons Land,,,,,Mandaluyong,,,,
Graceland Plaza,RMR Group of Companies,,,,,Marikina,,,,
Greenhills Shopping Center,,,,,,San Juan,,,,
Guadalupe Commercial Center,,,,,,Makati,,,,
Hemady Square,,,,,,Quezon City,,,,
HK Sun Plaza,,,,,,Pasay,,,,
Il Terrazzo Mall,,,,,,Quezon CityTimog Area,,,,
Isetann Carriedo,Joymart Consolidated,,,,,ManilaSanta Cruz,,,,
Isetann Cinerama Recto,Joymart Consolidated,,,,,ManilaQuiapo,,,,
Isetann Cubao,Joymart Consolidated,,,,,Quezon CityAraneta Center,,,,
Jackman Plaza,,,,,,Quezon City,,,,
Lucky Gold Plaza / LG Plaza,,,,,,Pasig,,,,
Makati Square,,,,,,Makati,,,,
Malabon Citisquare,,,,,,Malabon,,,,
Metropoint Mall,Ayala Land,,,,,Pasay,,,,
Met Live,Federal Land,,,,,Pasay,,,,
Novaliches Plaza Mall,,,,,,Quezon City,,,,
One Mall Valenzuela,,,,,,Valenzuela,,,,
Pearl Plaza,,,,,,Parañaque,,,,
Riverbanks Center,,,,,,Marikina,,,,
RMR Square,RMR Group of Companies,,,,,Quezon CityTandang Sora,,,,
Robinsons Metro East,Robinsons Land,,,,,Pasig,,,,
Robinsons Novaliches,Robinsons Land,,,,,Quezon CityNovaliches,,,,
Robinsons Otis,Robinsons Land,,,,,ManilaPaco,,,,
Robinsons Place Las Piñas,Robinsons Land,,,,,Las Piñas,,,,
Robinsons Town Mall Malabon,Robinsons Land,,,,,Malabon,,,,
Robinsons Townville Regalado,"Robinsons Retail Holdings, Inc.",,,,,Quezon City,,,,
Shaw Centermall,,,,,,Mandaluyong,,,,
SM Center Las Piñas,SM Prime Holdings,,,,,Las Piñas,,,,
SM Center Muntinlupa,SM Prime Holdings,,,,,Muntinlupa,,,,
SM Center Pasig,SM Prime Holdings,,,,,PasigOrtigas Center,,,,
SM Center Sangandaan,SM Prime Holdings,,,,,Caloocan,,,,
SM Cherry Congressional,SM Prime Holdings,,,,,Quezon City,,,,
SM Cherry Shaw,SM Prime Holdings,,,,,Mandaluyong,,,,
SM City BF Parañaque,SM Prime Holdings,,,,,ParañaqueBF Homes,,,,
SM City Bicutan,SM Prime Holdings,,,,,Parañaque,,,,
SM City East Ortigas,SM Prime Holdings,,,,,Pasig,,,,
SM City Manila,SM Prime Holdings,,,,,ManilaErmita,,,,
SM City Marikina,SM Prime Holdings,,,,,Marikina,,,,
SM City Novaliches,SM Prime Holdings,,,,,Quezon CityNovaliches,,,,
SM City San Lazaro,SM Prime Holdings,,,,,ManilaSanta Cruz,,,,
SM City Sta. Mesa,SM Prime Holdings,,,,,Quezon City,,,,
SM City Sucat,SM Prime Holdings,,,,,Parañaque,,,,
SM City Valenzuela,SM Prime Holdings,,,,,Valenzuela,,,,
South Station,Filinvest Land,,,,,MuntinlupaAlabang,,,,
Star J Mall,,,,,,Malabon,,,,
Starmall Alabang,,,,,,Muntinlupa,,,,
Starmall EDSA Shaw,Vista Land,,,,,Mandaluyong,,,,
Sunshine Plaza Mall,,,,,,TaguigArca South,,,,
The Marketplace Mall,,,,,,Mandaluyong,,,,
Tutuban Center (Centermall Building)[17],"Prime Orion Philippines, Inc.; Ayala Property Management Corp.",,,,,ManilaTondo,,,,
UNITOP Sta. Mesa,RI-RANCE Realty Corporation,,,,,ManilaSanta Mesa,,,,
University Mall,,,,,,ManilaMalate,,,,
Uniwide Coastal Mall,"Uniwide Sales, Inc.",,,,,ParañaqueBay City,,,,
Uniwide Metromall,"Uniwide Sales, Inc.",,,,,Las Piñas,,,,
Victory Central Mall,,,,,,CaloocanMonumento,,,,
Victory Pasay Mall,,,,,,PasayLibertad,,,,
Vista Mall Global South,Vista Land,,,,,Las Piñas,,,,
Vista Mall Lakefront,Vista Land,,,,,Muntinlupa,,,,
Vista Mall Las Piñas (formerly Starmall Las Piñas),Vista Land,,,,,Las Piñas,,,,
Vista Mall Taguig,Vista Land,,,,,Taguig,,,,
W Mall[18],WM Property Management Inc. and SM Investment Corp.,,,,,PasayBay City,,,,
Walter Mart Bicutan,WM Property Management Inc. and SM Investment Corp.,,,,,Parañaque,,,,
Walter Mart E. Rodriguez,WM Property Management Inc. and SM Investment Corp.,,,,,Quezon City,,,,
Walter Mart Makati,WM Property Management Inc. and SM Investment Corp.,,,,,Makati,,,,
Walter Mart North EDSA,WM Property Management Inc. and SM Investment Corp.,,,,,Quezon City,,,,
Walter Mart Sucat,WM Property Management Inc. and SM Investment Corp.,,,,,Parañaque,,,,
Z Square Mall,,,,,,Quezon City,,,,
Zabarte Town Center,,,,,,CaloocanCamarin,,,,
Arcovia Parade,Megaworld Corporation[19],,,,,PasigArcovia City,,,,
Ayala Malls Circuit,Ayala Land[20],,,,,MakatiCircuit Makati,,,,
Ayala Malls Cloverleaf,Ayala Land[21],,,,,Quezon CityBalintawak Interchange,,,,
Ayala Malls Feliz,Ayala Land,,,,,Pasig,,,,
Ayala Malls Manila Bay,Ayala Land,,,,,ParañaqueBay City,,,,
Ayala Malls Marikina,Ayala Land[21],,,,,MarikinaMarikina Heights,,,,
Ayala Malls South Park,Ayala Land[22],,,,,MuntinlupaAlabang,,,,
Ayala Malls The 30th,Ayala Land[23],,,,,PasigOrtigas Center,,,,
Ayala Malls Vertis North,Ayala Land,,,,,Quezon CityVertis North,,,,
Bonifacio High Street,Ayala Land,,,,,TaguigBonifacio Global City,,,,
Century City Mall,Century Properties,,,,,MakatiCentury City,,,,
Commercenter,Philippine Allied Enterprises Corp.[24],,,,,MuntinlupaAlabang,,,,
Eastwood Mall,Megaworld Corporation[25],,,,,Quezon CityEastwood City,,,,
Estancia Mall,Ortigas & Company[26],,,,,PasigCapitol Commons,,,,
Forbes Town Center,Megaworld Corporation[27],,,,,TaguigBonifacio Global City,,,,
Industria Mall,Ortigas & Company[28],,,,,Quezon CityCirculo Verde,,,,
Lucky Chinatown,Megaworld Corporation,,,,,ManilaBinondo,,,,
Newport Mall,Megaworld Corporation[29],,,,,PasayNewport City,,,,
Robinsons Magnolia,Robinsons Land,,,,,Quezon CityNew Manila,,,,
Santolan Town Plaza,Lopez Holdings,,,,,San Juan,,,,
The Grove by Rockwell Retail Row,Lopez Holdings[30],,,,,Pasig,,,,
The Village Square Alabang[31],Megaworld Corporation,,,,,Las Piñas,,,,
Tuscany at McKinley Hill,Megaworld Corporation[32],,,,,TaguigBonifacio Global City,,,,
Uptown Mall,Megaworld Corporation[33],,,,,TaguigBonifacio Global City,,,,
Venice Grand Canal,Megaworld Corporation[34],,,,,TaguigPinagsama,,,,
A. Venue Mall,,,,,,MakatiPoblacion,,,,
Active Fun,,,,,,TaguigBonifacio Global City,,,,
Blue Bay Walk,,,,,,Pasay,,,,
Blue Wave-Marikina,,,,,,Marikina,,,,
Bonifacio Stop Over Pavilion,,,,,,TaguigBonifacio Global City,,,,
C&B Circle Mall,,,,,,Marikina,,,,
Centris Walk,,,,,,Quezon CityEton Centris,,,,
Crossroads,,,,,,TaguigBonifacio Global City,,,,
Eastwood CityWalk,,,,,,Quezon CityEastwood City,,,,
El Pueblo Real de Manila,,,,,,PasigOrtigas Center,,,,
Forum South Global,,,,,,TaguigBonifacio Global City,,,,
Gate 3 Plaza,,,,,,Pasay,,,,
Harbour Square,,,,,,Pasay,,,,
Jaka Plaza,,,,,,Parañaque,,,,
Lakefront Boardwalk,,,,,,Muntinlupa,,,,
Liberty Center,,,,,,Mandaluyong,,,,
Madison Square Greenhills,,,,,,San Juan,,,,
Madison Square Las Piñas,,,,,,Las Piñas,,,,
Madison Square Pioneer,,,,,,Mandaluyong,,,,
Manila Ocean Park Mall,,,,,,ManilaRizal Park,,,,
Metrowalk,,,,,,PasigOrtigas Center,,,,
Molito,,,,,,MuntinlupaAlabang,,,,
One Parkade,,,,,,TaguigBonifacio Global City,,,,
Paseo de Magallanes,,,,,,Makati,,,,
Pavilion at Greenfield District,,,,,,Mandaluyong,,,,
Pearl Drive Commercial Center,,,,,,Quezon City,,,,
Pioneer Center,,,,,,PasigOrtigas Center,,,,
Plaza 66,,,,,,PasayNewport City,,,,
San Antonio Plaza,,,,,,MakatiForbes Park,,,,
San Antonio Shopping Center,,,,,,Parañaque,,,,
Santana Grove,,,,,,Parañaque,,,,
Silver City Automall,,,,,,PasigOrtigas Center,,,,
SM by the Bay,,,,,,Pasay,,,,
Sunshine Boulevard Plaza,,,,,,Quezon City,,,,
The Clubhouse at Temple Drive,,,,,,Quezon City,,,,
The Fort Strip,,,,,,TaguigBonifacio Global City,,,,
The Hub at Greenfield District,,,,,,Mandaluyong,,,,
The Portal at Greenfield District,,,,,,Mandaluyong,,,,
Two Parkade,,,,,,TaguigBonifacio Global City,,,,
U.P.-Ayala Land Technohub,,,,,,Quezon City,,,,
Westgate Center,,,,,,MuntinlupaAlabang,,,,
Alphaland Makati Place Mall,,,Alphaland Makati Place,,,Makati,,,,
Alphaland Southgate Mall,,,Alphaland Southgate Tower,,,MakatiMagallanes Village,,,,
Arton Strip,,,The Arton by Rockwell,,,Quezon CityKatipunan Avenue,,,,
DMG Plaza,,,California Garden Square,,,Mandaluyong,,,,
DoubleDragon Plaza Podium[35],,,DoubleDragon Plaza,,,PasayBay City,,,,
Eastwood Cyber and Fashion Mall,,,Cyber One Plaza,,,Quezon CityEastwood City,,,,
Green Mall,,,Green Residences,,,ManilaTaft Avenue,,,,
Jazz Mall,,,SM Jazz Residences,,,MakatiBel-Air Village,,,,
Light Mall,,,SM Light Residences,,,Mandaluyong,,,,
M Place Mall South Triangle,,,M Place South Triangle,,,Quezon CitySouth Triangle,,,,
Mezza Strip,,,SM Mezza Residences,,,Quezon CitySanta Mesa,,,,
OneE-com Plaza,,,OneE-comCenterGround Level,,,PasayMall of Asia Complex,,,,
Paseo Center,,,Paseo Center IT Building,,,Makati,,,,
Prism Plaza @ FiveE-comCenter,,,FiveE-comCenterFourth Level,,,PasayMall of Asia Complex,,,,
Prism Plaza @ TwoE-comCenter,,,TwoE-comCenterFourth Level,,,PasayMall of Asia Complex,,,,
RCBC Plaza Podium,,,RCBC Plaza,,,Makati,,,,
S Maison[36],,,Conrad Manila,,,PasayMall of Asia Complex,,,,
San Lorenzo Place Podium,,,San Lorenzo Place,,,Makati,,,,
Serendra Piazza,,,Serendra,,,TaguigBonifacio Global City,,,,
Shoppes @ Victoria,,,Victoria Towers,,,Quezon CityTomas Morato Avenue,,,,
Shoppes @ Victoria,,,Victoria de Manila,,,Manila,,,,
Spark Place,,,Spark Place,,,Quezon CityP. Tuazon Boulevard,,,,
Sun Mall,,,Sun Residences,,,Quezon CityMabuhay Rotunda,,,,
Sunsonic Electronics Plaza,,,Sun Star Grand Hotel,,,ManilaQuiapo,,,,
Techno Plaza 2,,,Techno Plaza 2,,,Eastwood City,,,,
The One Grand Center,,,The One Santo Tomas,,,Manila,,,,
The Enterprise Center,,,The Enterprise Center Tower 1,,,Makati,,,,
The Shoppes at Solaire Resort & Casino[37],,,Solaire Resort & Casino,,,ParañaqueEntertainment City,,,,
The Shops at Ayala North Exchange,,,Ayala North Exchange Towers,,,MakatiAyala Avenue,,,,
The Shops at Okada Manila[38],,,Okada Manila,,,ParañaqueEntertainment City,,,,
The Shops at the Boulevard[39],,,City of Dreams Manila,,,ParañaqueEntertainment City,,,,
TwoE-com Plaza,,,TwoE-comCenterGround Level,,,PasayMall of Asia Complex,,,,
The Podium,,,BDO Corporate Center,,,MandaluyongOrtigas Center,,,,
Three Central[40],,,Three Central Makati,,,Makati,,,,
Times Plaza Mall,,,Times Plaza,,,ManilaErmita,,,,
W Global Center,,,W Global Center,,,TaguigBonifacio Global City,,,,
Wil Tower Mall,,,Wil Tower,,,Quezon CityDiliman,,,,
Worldwide Corporate Center Podium,,,Worldwide Corporate Center,,,MandaluyongShaw Boulevard,,,,
Duty Free Philippines Fiesta Mall,,,,,,Parañaque,,,,
Luxe Duty Free[41],,,,,,Pasay,,,,
11/88 Mall,,,,,,ManilaBinondo,,,,
168 Shopping Mall,,,,,,ManilaBinondo,,,,
999 Shopping Mall,,,,,,ManilaBinondo,,,,
Baclaran Bagong Milenyo Plaza,,,,,,Pasay,,,,
Baclaran Galleria Shopping Mall,,,,,,Pasay,,,,
Baclaran Supermall,,,,,,Parañaque,,,,
Baclaran Terminal Plaza,,,,,,Pasay,,,,
D8 Mall (formerly Dragon8 Shopping Center)[42],,,,,,ManilaTondo,,,,
Harrison Wholesale Center,,,,,,Pasay,,,,
Odeon Terminal Mall,,,,,,ManilaSanta Cruz,,,,
Plaza Miranda Mall,,,,,,Quiapo,,,,
Shoppesville Arcade at Greenhills Shopping Center,,,,,,San Juan,,,,
St. Francis Square Mall,,,,,,MandaluyongOrtigas Center,,,,
Tiendesitas,,,,,,PasigOrtigas Center,,,,
Tutuban Center,,,,,,ManilaTondo,,,,
Two Shopping Center,,,,,,Pasay,,,,
Ayala Malls Arca South,,,,,,TaguigArca South,,The retail anchor for Arca South mixed-use development by Ayala Land in Taguig expected to be completed by 2018.[43],,
Ayala Malls Parklinks,,,,,,Quezon CityBagumbayan,,"A 52,000-square-metre (560,000 sq ft) regional shopping mall being developed by the joint venture of Ayala Land and LT Group on 35 hectares (86 acres) of property along C-5 Road at the border of Quezon City and Pasig by the Marikina River.[44]",,
Ayala Malls Southvale,,,,,,Las PiñasAlmanza,,"A 6,000-square-metre (65,000 sq ft) mall along Daang Hari Road in Las Piñas.[21]",,
Deca Mall,,,,,,Tondo,,"The retail component of Urban Deca Homes Manila, a 8.4-hectare (21-acre) mixed-use development by 8990 Holdings in Tondo, Manila.[45]",,
Mitsukoshi Mall,,,,,,TaguigBonifacio Global City,,A three-level lifestyle mall to be located next to Grand Hyatt Manila below The Seasons Residences in north BGC being developed by the joint venture of Federal Land and Japanese firms Nomura Holdings and Isetan Mitsukoshi Holdings that will house the first Mitsukoshi department store in the Philippines. Expected completion in 2021.[46],,
Westside Mall,,,,,,ParañaqueEntertainment City,,"The retail component of Megaworld Corporation's Westside City, a 31-hectare (77-acre) mixed-use development in Parañaque that will also house the fourth integrated resort of Entertainment City called Westside City Resorts World (previously named Resorts World Bayshore). This lifestyle mall and its casino complex is expected to start initial operations in 2021.[47]",,
